sep=,
"命名","当前余额","账户","转账","描述","交易对方","分类","日期","时间","备注","金额","货币","支票号码","标签"
"CapitalOne","-4,508.41","HKD","","","","","","","","","","",""
"","","CapitalOne","BofA 活期帐户","转出至 Visa","","","18/03/2022","下午11:30","","50.00","HKD","",""
"","","CapitalOne","","其他","交易对方 8","餐饮&外出就餐 ▶︎ 其他","16/03/2022","下午11:28","","-17.55","HKD","","personal; "
"","","CapitalOne","","燃气/燃油","交易对方 1","交通 ▶︎ 燃气/燃油","15/03/2022","下午11:28","","-6.47","HKD","","personal; "
"","","CapitalOne","","其他","交易对方 8","餐饮&外出就餐 ▶︎ 其他","09/03/2022","下午11:28","","-17.55","HKD","","personal; "
"","","CapitalOne","","燃气/燃油","交易对方 1","交通 ▶︎ 燃气/燃油","08/03/2022","下午11:28","","-6.47","HKD","","personal; "
"","","CapitalOne","","其他","交易对方 8","餐饮&外出就餐 ▶︎ 其他","02/03/2022","下午11:28","","-17.55","HKD","","personal; "
"","","CapitalOne","","燃气/燃油","交易对方 1","交通 ▶︎ 燃气/燃油","01/03/2022","下午11:28","","-6.47","HKD","","personal; "
"","","CapitalOne","","家具","交易对方 3","家庭 ▶︎ 家具","26/02/2022","下午11:28","","-16.29","HKD","","business; "
"","","CapitalOne","","燃气/燃油","交易对方 7","交通 ▶︎ 燃气/燃油","24/02/2022","下午11:28","","-0.54","HKD","","business; "
"","","CapitalOne","","景点","交易对方 1","假期 ▶︎ 景点","24/02/2022","下午11:28","","-6.81","HKD","","business; "
"","","CapitalOne","","其他","交易对方 8","餐饮&外出就餐 ▶︎ 其他","23/02/2022","下午11:28","","-17.55","HKD","","personal; "
"","","CapitalOne","","燃气/燃油","交易对方 1","交通 ▶︎ 燃气/燃油","22/02/2022","下午11:28","","-6.47","HKD","","personal; "
"","","CapitalOne","BofA 活期帐户","转出至 Visa","","","18/02/2022","下午11:28","","50.00","HKD","",""
"","","CapitalOne","","其他","交易对方 8","餐饮&外出就餐 ▶︎ 其他","16/02/2022","下午11:28","","-17.55","HKD","","personal; "
"","","CapitalOne","","燃气/燃油","交易对方 1","交通 ▶︎ 燃气/燃油","15/02/2022","下午11:28","","-6.47","HKD","","personal; "
"","","CapitalOne","","其他","交易对方 8","餐饮&外出就餐 ▶︎ 其他","09/02/2022","下午11:28","","-17.55","HKD","","personal; "
"","","CapitalOne","","燃气/燃油","交易对方 1","交通 ▶︎ 燃气/燃油","08/02/2022","下午11:28","","-6.47","HKD","","personal; "
"","","CapitalOne","","其他","交易对方 8","餐饮&外出就餐 ▶︎ 其他","02/02/2022","下午11:28","","-17.55","HKD","","personal; "
"","","CapitalOne","","燃气/燃油","交易对方 1","交通 ▶︎ 燃气/燃油","01/02/2022","下午11:28","","-6.47","HKD","","personal; "
"","","CapitalOne","","其他","交易对方 8","餐饮&外出就餐 ▶︎ 其他","26/01/2022","下午11:28","","-17.55","HKD","","personal; "
"","","CapitalOne","","家具","交易对方 3","家庭 ▶︎ 家具","26/01/2022","下午11:28","","-16.29","HKD","","business; "
"","","CapitalOne","","燃气/燃油","交易对方 1","交通 ▶︎ 燃气/燃油","25/01/2022","下午11:28","","-6.47","HKD","","personal; "
"","","CapitalOne","","燃气/燃油","交易对方 7","交通 ▶︎ 燃气/燃油","24/01/2022","下午11:28","","-0.54","HKD","","business; "
"","","CapitalOne","","景点","交易对方 1","假期 ▶︎ 景点","24/01/2022","下午11:28","","-6.81","HKD","","business; "
"","","CapitalOne","","其他","交易对方 8","餐饮&外出就餐 ▶︎ 其他","19/01/2022","下午11:28","","-17.55","HKD","","personal; "
"","","CapitalOne","","燃气/燃油","交易对方 1","交通 ▶︎ 燃气/燃油","18/01/2022","下午11:28","","-6.47","HKD","","personal; "
"","","CapitalOne","BofA 活期帐户","转出至 Visa","","","18/01/2022","下午11:28","","50.00","HKD","",""
"","","CapitalOne","","其他","交易对方 8","餐饮&外出就餐 ▶︎ 其他","12/01/2022","下午11:28","","-17.55","HKD","","personal; "
"","","CapitalOne","","燃气/燃油","交易对方 1","交通 ▶︎ 燃气/燃油","11/01/2022","下午11:28","","-6.47","HKD","","personal; "
"","","CapitalOne","","其他","交易对方 8","餐饮&外出就餐 ▶︎ 其他","05/01/2022","下午11:28","","-17.55","HKD","","personal; "
"","","CapitalOne","","燃气/燃油","交易对方 1","交通 ▶︎ 燃气/燃油","04/01/2022","下午11:28","","-6.47","HKD","","personal; "
"","","CapitalOne","","其他","交易对方 8","餐饮&外出就餐 ▶︎ 其他","29/12/2021","下午11:28","","-17.55","HKD","","personal; "
"","","CapitalOne","","燃气/燃油","交易对方 1","交通 ▶︎ 燃气/燃油","28/12/2021","下午11:28","","-6.47","HKD","","personal; "
"","","CapitalOne","","家具","交易对方 3","家庭 ▶︎ 家具","26/12/2021","下午11:28","","-16.29","HKD","","business; "
"","","CapitalOne","","燃气/燃油","交易对方 7","交通 ▶︎ 燃气/燃油","24/12/2021","下午11:28","","-0.54","HKD","","business; "
"","","CapitalOne","","景点","交易对方 1","假期 ▶︎ 景点","24/12/2021","下午11:28","","-6.81","HKD","","business; "
"","","CapitalOne","","其他","交易对方 8","餐饮&外出就餐 ▶︎ 其他","22/12/2021","下午11:28","","-17.55","HKD","","personal; "
"","","CapitalOne","","燃气/燃油","交易对方 1","交通 ▶︎ 燃气/燃油","21/12/2021","下午11:28","","-6.47","HKD","","personal; "
"","","CapitalOne","BofA 活期帐户","转出至 Visa","","","18/12/2021","下午11:28","","50.00","HKD","",""
"","","CapitalOne","","其他","交易对方 8","餐饮&外出就餐 ▶︎ 其他","15/12/2021","下午11:28","","-17.55","HKD","","personal; "
"","","CapitalOne","","燃气/燃油","交易对方 1","交通 ▶︎ 燃气/燃油","14/12/2021","下午11:28","","-6.47","HKD","","personal; "
"","","CapitalOne","","其他","交易对方 8","餐饮&外出就餐 ▶︎ 其他","08/12/2021","下午11:28","","-17.55","HKD","","personal; "
"","","CapitalOne","","燃气/燃油","交易对方 1","交通 ▶︎ 燃气/燃油","07/12/2021","下午11:28","","-6.47","HKD","","personal; "
"","","CapitalOne","","其他","交易对方 8","餐饮&外出就餐 ▶︎ 其他","01/12/2021","下午11:28","","-17.55","HKD","","personal; "
"","","CapitalOne","","燃气/燃油","交易对方 1","交通 ▶︎ 燃气/燃油","30/11/2021","下午11:28","","-6.47","HKD","","personal; "
"","","CapitalOne","","家具","交易对方 3","家庭 ▶︎ 家具","26/11/2021","下午11:28","","-16.29","HKD","","business; "
"","","CapitalOne","","其他","交易对方 8","餐饮&外出就餐 ▶︎ 其他","24/11/2021","下午11:28","","-17.55","HKD","","personal; "
"","","CapitalOne","","燃气/燃油","交易对方 7","交通 ▶︎ 燃气/燃油","24/11/2021","下午11:28","","-0.54","HKD","","business; "
"","","CapitalOne","","景点","交易对方 1","假期 ▶︎ 景点","24/11/2021","下午11:28","","-6.81","HKD","","business; "
"","","CapitalOne","","燃气/燃油","交易对方 1","交通 ▶︎ 燃气/燃油","23/11/2021","下午11:28","","-6.47","HKD","","personal; "
"","","CapitalOne","BofA 活期帐户","转出至 Visa","","","18/11/2021","下午11:28","","50.00","HKD","",""
"","","CapitalOne","","其他","交易对方 8","餐饮&外出就餐 ▶︎ 其他","17/11/2021","下午11:28","","-17.55","HKD","","personal; "
"","","CapitalOne","","燃气/燃油","交易对方 1","交通 ▶︎ 燃气/燃油","16/11/2021","下午11:28","","-6.47","HKD","","personal; "
"","","CapitalOne","","其他","交易对方 8","餐饮&外出就餐 ▶︎ 其他","10/11/2021","下午11:28","","-17.55","HKD","","personal; "
"","","CapitalOne","","燃气/燃油","交易对方 1","交通 ▶︎ 燃气/燃油","09/11/2021","下午11:28","","-6.47","HKD","","personal; "
"","","CapitalOne","","其他","交易对方 8","餐饮&外出就餐 ▶︎ 其他","03/11/2021","下午11:28","","-17.55","HKD","","personal; "
"","","CapitalOne","","燃气/燃油","交易对方 1","交通 ▶︎ 燃气/燃油","02/11/2021","下午11:28","","-6.47","HKD","","personal; "
"","","CapitalOne","","其他","交易对方 8","餐饮&外出就餐 ▶︎ 其他","27/10/2021","下午11:28","","-17.55","HKD","","personal; "
"","","CapitalOne","","燃气/燃油","交易对方 1","交通 ▶︎ 燃气/燃油","26/10/2021","下午11:28","","-6.47","HKD","","personal; "
"","","CapitalOne","","家具","交易对方 3","家庭 ▶︎ 家具","26/10/2021","下午11:28","","-16.29","HKD","","business; "
"","","CapitalOne","","燃气/燃油","交易对方 7","交通 ▶︎ 燃气/燃油","24/10/2021","下午11:28","","-0.54","HKD","","business; "
"","","CapitalOne","","景点","交易对方 1","假期 ▶︎ 景点","24/10/2021","下午11:28","","-6.81","HKD","","business; "
"","","CapitalOne","","其他","交易对方 8","餐饮&外出就餐 ▶︎ 其他","20/10/2021","下午11:28","","-17.55","HKD","","personal; "
"","","CapitalOne","","燃气/燃油","交易对方 1","交通 ▶︎ 燃气/燃油","19/10/2021","下午11:28","","-6.47","HKD","","personal; "
"","","CapitalOne","BofA 活期帐户","转出至 Visa","","","18/10/2021","下午11:28","","50.00","HKD","",""
"","","CapitalOne","","其他","交易对方 8","餐饮&外出就餐 ▶︎ 其他","13/10/2021","下午11:28","","-17.55","HKD","","personal; "
"","","CapitalOne","","燃气/燃油","交易对方 1","交通 ▶︎ 燃气/燃油","12/10/2021","下午11:28","","-6.47","HKD","","personal; "
"","","CapitalOne","","其他","交易对方 8","餐饮&外出就餐 ▶︎ 其他","06/10/2021","下午11:28","","-17.55","HKD","","personal; "
"","","CapitalOne","","燃气/燃油","交易对方 1","交通 ▶︎ 燃气/燃油","05/10/2021","下午11:28","","-6.47","HKD","","personal; "
"","","CapitalOne","","其他","交易对方 8","餐饮&外出就餐 ▶︎ 其他","29/09/2021","下午11:28","","-17.55","HKD","","personal; "
"","","CapitalOne","","燃气/燃油","交易对方 1","交通 ▶︎ 燃气/燃油","28/09/2021","下午11:28","","-6.47","HKD","","personal; "
"","","CapitalOne","","家具","交易对方 3","家庭 ▶︎ 家具","26/09/2021","下午11:28","","-16.29","HKD","","business; "
"","","CapitalOne","","燃气/燃油","交易对方 7","交通 ▶︎ 燃气/燃油","24/09/2021","下午11:28","","-0.54","HKD","","business; "
"","","CapitalOne","","景点","交易对方 1","假期 ▶︎ 景点","24/09/2021","下午11:28","","-6.81","HKD","","business; "
"","","CapitalOne","","其他","交易对方 8","餐饮&外出就餐 ▶︎ 其他","22/09/2021","下午11:28","","-17.55","HKD","","personal; "
"","","CapitalOne","","燃气/燃油","交易对方 1","交通 ▶︎ 燃气/燃油","21/09/2021","下午11:28","","-6.47","HKD","","personal; "
"","","CapitalOne","BofA 活期帐户","转出至 Visa","","","18/09/2021","下午11:28","","50.00","HKD","",""
"","","CapitalOne","","其他","交易对方 8","餐饮&外出就餐 ▶︎ 其他","15/09/2021","下午11:28","","-17.55","HKD","","personal; "
"","","CapitalOne","","燃气/燃油","交易对方 1","交通 ▶︎ 燃气/燃油","14/09/2021","下午11:28","","-6.47","HKD","","personal; "
"","","CapitalOne","","其他","交易对方 8","餐饮&外出就餐 ▶︎ 其他","08/09/2021","下午11:28","","-17.55","HKD","","personal; "
"","","CapitalOne","","燃气/燃油","交易对方 1","交通 ▶︎ 燃气/燃油","07/09/2021","下午11:28","","-6.47","HKD","","personal; "
"","","CapitalOne","","其他","交易对方 8","餐饮&外出就餐 ▶︎ 其他","01/09/2021","下午11:28","","-17.55","HKD","","personal; "
"","","CapitalOne","","燃气/燃油","交易对方 1","交通 ▶︎ 燃气/燃油","31/08/2021","下午11:28","","-6.47","HKD","","personal; "
"","","CapitalOne","","家具","交易对方 3","家庭 ▶︎ 家具","26/08/2021","下午11:28","","-16.29","HKD","","business; "
"","","CapitalOne","","其他","交易对方 8","餐饮&外出就餐 ▶︎ 其他","25/08/2021","下午11:28","","-17.55","HKD","","personal; "
"","","CapitalOne","","燃气/燃油","交易对方 1","交通 ▶︎ 燃气/燃油","24/08/2021","下午11:28","","-6.47","HKD","","personal; "
"","","CapitalOne","","燃气/燃油","交易对方 7","交通 ▶︎ 燃气/燃油","24/08/2021","下午11:28","","-0.54","HKD","","business; "
"","","CapitalOne","","景点","交易对方 1","假期 ▶︎ 景点","24/08/2021","下午11:28","","-6.81","HKD","","business; "
"","","CapitalOne","","其他","交易对方 8","餐饮&外出就餐 ▶︎ 其他","18/08/2021","下午11:28","","-17.55","HKD","","personal; "
"","","CapitalOne","BofA 活期帐户","转出至 Visa","","","18/08/2021","下午11:28","","50.00","HKD","",""
"","","CapitalOne","","燃气/燃油","交易对方 1","交通 ▶︎ 燃气/燃油","17/08/2021","下午11:28","","-6.47","HKD","","personal; "
"","","CapitalOne","","燃气/燃油","交易对方 1","交通 ▶︎ 燃气/燃油","10/08/2021","下午11:28","","-6.47","HKD","","personal; "
"","","CapitalOne","","家具","交易对方 3","家庭 ▶︎ 家具","26/07/2021","下午11:28","","-16.29","HKD","","business; "
"","","CapitalOne","","燃气/燃油","交易对方 7","交通 ▶︎ 燃气/燃油","24/07/2021","下午11:28","","-0.54","HKD","","business; "
"","","CapitalOne","","景点","交易对方 1","假期 ▶︎ 景点","24/07/2021","下午11:28","","-6.81","HKD","","business; "
"","","CapitalOne","BofA 活期帐户","转出至 Visa","","","18/07/2021","下午11:28","","50.00","HKD","",""
"","","CapitalOne","","家具","交易对方 3","家庭 ▶︎ 家具","26/06/2021","下午11:28","","-16.29","HKD","","business; "
"","","CapitalOne","","燃气/燃油","交易对方 7","交通 ▶︎ 燃气/燃油","24/06/2021","下午11:28","","-0.54","HKD","","business; "
"","","CapitalOne","","景点","交易对方 1","假期 ▶︎ 景点","24/06/2021","下午11:28","","-6.81","HKD","","business; "
"","","CapitalOne","BofA 活期帐户","转出至 Visa","","","18/06/2021","下午11:28","","50.00","HKD","",""
"","","CapitalOne","","家具","交易对方 3","家庭 ▶︎ 家具","26/05/2021","下午11:28","","-16.29","HKD","","business; "
"","","CapitalOne","","燃气/燃油","交易对方 7","交通 ▶︎ 燃气/燃油","24/05/2021","下午11:28","","-0.54","HKD","","business; "
"","","CapitalOne","","景点","交易对方 1","假期 ▶︎ 景点","24/05/2021","下午11:28","","-6.81","HKD","","business; "
"","","CapitalOne","BofA 活期帐户","转出至 Visa","","","18/05/2021","下午11:28","","50.00","HKD","",""
"","","CapitalOne","","家具","交易对方 3","家庭 ▶︎ 家具","26/04/2021","下午11:28","","-16.29","HKD","","business; "
"","","CapitalOne","","燃气/燃油","交易对方 7","交通 ▶︎ 燃气/燃油","24/04/2021","下午11:28","","-0.54","HKD","","business; "
"","","CapitalOne","","景点","交易对方 1","假期 ▶︎ 景点","24/04/2021","下午11:28","","-6.81","HKD","","business; "
"","","CapitalOne","","家具","交易对方 3","家庭 ▶︎ 家具","26/03/2021","下午11:28","","-16.29","HKD","","business; "
"","","CapitalOne","","燃气/燃油","交易对方 7","交通 ▶︎ 燃气/燃油","24/03/2021","下午11:28","","-0.54","HKD","","business; "
"","","CapitalOne","","景点","交易对方 1","假期 ▶︎ 景点","24/03/2021","下午11:28","","-6.81","HKD","","business; "
"","","CapitalOne","","家具","交易对方 3","家庭 ▶︎ 家具","26/02/2021","下午11:28","","-16.29","HKD","","business; "
"","","CapitalOne","","燃气/燃油","交易对方 7","交通 ▶︎ 燃气/燃油","24/02/2021","下午11:28","","-0.54","HKD","","business; "
"","","CapitalOne","","景点","交易对方 1","假期 ▶︎ 景点","24/02/2021","下午11:28","","-6.81","HKD","","business; "
"Chase","-4,972.38","HKD","","","","","","","","","","",""
"","","Chase","","宠物","交易对方 7","购物 ▶︎ 宠物","20/03/2022","下午11:28","","-7.75","HKD","",""
"","","Chase","","抵押/租金","交易对方 3","家庭 ▶︎ 抵押/租金","19/03/2022","下午11:28","","-17.01","HKD","",""
"","","Chase","BofA 活期帐户","转出至 MasterCard","","","18/03/2022","下午11:28","","50.00","HKD","",""
"","","Chase","","燃气/燃油","交易对方 1","交通 ▶︎ 燃气/燃油","15/03/2022","下午11:28","","-5.71","HKD","","personal; "
"","","Chase","","抵押/租金","交易对方 3","家庭 ▶︎ 抵押/租金","12/03/2022","下午11:28","","-17.01","HKD","",""
"","","Chase","","燃气/燃油","交易对方 1","交通 ▶︎ 燃气/燃油","08/03/2022","下午11:28","","-5.71","HKD","","personal; "
"","","Chase","","抵押/租金","交易对方 3","家庭 ▶︎ 抵押/租金","05/03/2022","下午11:28","","-17.01","HKD","",""
"","","Chase","","燃气/燃油","交易对方 1","交通 ▶︎ 燃气/燃油","01/03/2022","下午11:28","","-5.71","HKD","","personal; "
"","","Chase","","家具","交易对方 4","家庭 ▶︎ 家具","01/03/2022","下午11:28","","-41.77","HKD","",""
"","","Chase","","补给","交易对方 2","教育 ▶︎ 补给","27/02/2022","下午11:28","","-29.53","HKD","","personal; "
"","","Chase","","抵押/租金","交易对方 3","家庭 ▶︎ 抵押/租金","26/02/2022","下午11:28","","-17.01","HKD","",""
"","","Chase","","景点","交易对方 9","假期 ▶︎ 景点","24/02/2022","下午11:28","","-19.69","HKD","","personal; "
"","","Chase","","停车","交易对方 1","交通 ▶︎ 停车","24/02/2022","下午11:28","","-38.18","HKD","",""
"","","Chase","","燃气/燃油","交易对方 1","交通 ▶︎ 燃气/燃油","22/02/2022","下午11:28","","-5.71","HKD","","personal; "
"","","Chase","","宠物","交易对方 7","购物 ▶︎ 宠物","20/02/2022","下午11:28","","-7.75","HKD","",""
"","","Chase","","抵押/租金","交易对方 3","家庭 ▶︎ 抵押/租金","19/02/2022","下午11:28","","-17.01","HKD","",""
"","","Chase","BofA 活期帐户","转出至 MasterCard","","","18/02/2022","下午11:28","","50.00","HKD","",""
"","","Chase","","燃气/燃油","交易对方 1","交通 ▶︎ 燃气/燃油","15/02/2022","下午11:28","","-5.71","HKD","","personal; "
"","","Chase","","抵押/租金","交易对方 3","家庭 ▶︎ 抵押/租金","12/02/2022","下午11:28","","-17.01","HKD","",""
"","","Chase","","燃气/燃油","交易对方 1","交通 ▶︎ 燃气/燃油","08/02/2022","下午11:28","","-5.71","HKD","","personal; "
"","","Chase","","抵押/租金","交易对方 3","家庭 ▶︎ 抵押/租金","05/02/2022","下午11:28","","-17.01","HKD","",""
"","","Chase","","燃气/燃油","交易对方 1","交通 ▶︎ 燃气/燃油","01/02/2022","下午11:28","","-5.71","HKD","","personal; "
"","","Chase","","家具","交易对方 4","家庭 ▶︎ 家具","01/02/2022","下午11:28","","-41.77","HKD","",""
"","","Chase","","抵押/租金","交易对方 3","家庭 ▶︎ 抵押/租金","29/01/2022","下午11:28","","-17.01","HKD","",""
"","","Chase","","补给","交易对方 2","教育 ▶︎ 补给","27/01/2022","下午11:28","","-29.53","HKD","","personal; "
"","","Chase","","燃气/燃油","交易对方 1","交通 ▶︎ 燃气/燃油","25/01/2022","下午11:28","","-5.71","HKD","","personal; "
"","","Chase","","景点","交易对方 9","假期 ▶︎ 景点","24/01/2022","下午11:28","","-19.69","HKD","","personal; "
"","","Chase","","停车","交易对方 1","交通 ▶︎ 停车","24/01/2022","下午11:28","","-38.18","HKD","",""
"","","Chase","","抵押/租金","交易对方 3","家庭 ▶︎ 抵押/租金","22/01/2022","下午11:28","","-17.01","HKD","",""
"","","Chase","","宠物","交易对方 7","购物 ▶︎ 宠物","20/01/2022","下午11:28","","-7.75","HKD","",""
"","","Chase","","燃气/燃油","交易对方 1","交通 ▶︎ 燃气/燃油","18/01/2022","下午11:28","","-5.71","HKD","","personal; "
"","","Chase","BofA 活期帐户","转出至 MasterCard","","","18/01/2022","下午11:28","","50.00","HKD","",""
"","","Chase","","抵押/租金","交易对方 3","家庭 ▶︎ 抵押/租金","15/01/2022","下午11:28","","-17.01","HKD","",""
"","","Chase","","燃气/燃油","交易对方 1","交通 ▶︎ 燃气/燃油","11/01/2022","下午11:28","","-5.71","HKD","","personal; "
"","","Chase","","抵押/租金","交易对方 3","家庭 ▶︎ 抵押/租金","08/01/2022","下午11:28","","-17.01","HKD","",""
"","","Chase","","燃气/燃油","交易对方 1","交通 ▶︎ 燃气/燃油","04/01/2022","下午11:28","","-5.71","HKD","","personal; "
"","","Chase","","抵押/租金","交易对方 3","家庭 ▶︎ 抵押/租金","01/01/2022","下午11:28","","-17.01","HKD","",""
"","","Chase","","家具","交易对方 4","家庭 ▶︎ 家具","01/01/2022","下午11:28","","-41.77","HKD","",""
"","","Chase","","燃气/燃油","交易对方 1","交通 ▶︎ 燃气/燃油","28/12/2021","下午11:28","","-5.71","HKD","","personal; "
"","","Chase","","补给","交易对方 2","教育 ▶︎ 补给","27/12/2021","下午11:28","","-29.53","HKD","","personal; "
"","","Chase","","抵押/租金","交易对方 3","家庭 ▶︎ 抵押/租金","25/12/2021","下午11:28","","-17.01","HKD","",""
"","","Chase","","景点","交易对方 9","假期 ▶︎ 景点","24/12/2021","下午11:28","","-19.69","HKD","","personal; "
"","","Chase","","停车","交易对方 1","交通 ▶︎ 停车","24/12/2021","下午11:28","","-38.18","HKD","",""
"","","Chase","","燃气/燃油","交易对方 1","交通 ▶︎ 燃气/燃油","21/12/2021","下午11:28","","-5.71","HKD","","personal; "
"","","Chase","","宠物","交易对方 7","购物 ▶︎ 宠物","20/12/2021","下午11:28","","-7.75","HKD","",""
"","","Chase","","抵押/租金","交易对方 3","家庭 ▶︎ 抵押/租金","18/12/2021","下午11:28","","-17.01","HKD","",""
"","","Chase","BofA 活期帐户","转出至 MasterCard","","","18/12/2021","下午11:28","","50.00","HKD","",""
"","","Chase","","燃气/燃油","交易对方 1","交通 ▶︎ 燃气/燃油","14/12/2021","下午11:28","","-5.71","HKD","","personal; "
"","","Chase","","抵押/租金","交易对方 3","家庭 ▶︎ 抵押/租金","11/12/2021","下午11:28","","-17.01","HKD","",""
"","","Chase","","燃气/燃油","交易对方 1","交通 ▶︎ 燃气/燃油","07/12/2021","下午11:28","","-5.71","HKD","","personal; "
"","","Chase","","抵押/租金","交易对方 3","家庭 ▶︎ 抵押/租金","04/12/2021","下午11:28","","-17.01","HKD","",""
"","","Chase","","家具","交易对方 4","家庭 ▶︎ 家具","01/12/2021","下午11:28","","-41.77","HKD","",""
"","","Chase","","燃气/燃油","交易对方 1","交通 ▶︎ 燃气/燃油","30/11/2021","下午11:28","","-5.71","HKD","","personal; "
"","","Chase","","抵押/租金","交易对方 3","家庭 ▶︎ 抵押/租金","27/11/2021","下午11:28","","-17.01","HKD","",""
"","","Chase","","补给","交易对方 2","教育 ▶︎ 补给","27/11/2021","下午11:28","","-29.53","HKD","","personal; "
"","","Chase","","景点","交易对方 9","假期 ▶︎ 景点","24/11/2021","下午11:28","","-19.69","HKD","","personal; "
"","","Chase","","停车","交易对方 1","交通 ▶︎ 停车","24/11/2021","下午11:28","","-38.18","HKD","",""
"","","Chase","","燃气/燃油","交易对方 1","交通 ▶︎ 燃气/燃油","23/11/2021","下午11:28","","-5.71","HKD","","personal; "
"","","Chase","","抵押/租金","交易对方 3","家庭 ▶︎ 抵押/租金","20/11/2021","下午11:28","","-17.01","HKD","",""
"","","Chase","","宠物","交易对方 7","购物 ▶︎ 宠物","20/11/2021","下午11:28","","-7.75","HKD","",""
"","","Chase","BofA 活期帐户","转出至 MasterCard","","","18/11/2021","下午11:28","","50.00","HKD","",""
"","","Chase","","燃气/燃油","交易对方 1","交通 ▶︎ 燃气/燃油","16/11/2021","下午11:28","","-5.71","HKD","","personal; "
"","","Chase","","抵押/租金","交易对方 3","家庭 ▶︎ 抵押/租金","13/11/2021","下午11:28","","-17.01","HKD","",""
"","","Chase","","燃气/燃油","交易对方 1","交通 ▶︎ 燃气/燃油","09/11/2021","下午11:28","","-5.71","HKD","","personal; "
"","","Chase","","抵押/租金","交易对方 3","家庭 ▶︎ 抵押/租金","06/11/2021","下午11:28","","-17.01","HKD","",""
"","","Chase","","燃气/燃油","交易对方 1","交通 ▶︎ 燃气/燃油","02/11/2021","下午11:28","","-5.71","HKD","","personal; "
"","","Chase","","家具","交易对方 4","家庭 ▶︎ 家具","01/11/2021","下午11:28","","-41.77","HKD","",""
"","","Chase","","抵押/租金","交易对方 3","家庭 ▶︎ 抵押/租金","30/10/2021","下午11:28","","-17.01","HKD","",""
"","","Chase","","补给","交易对方 2","教育 ▶︎ 补给","27/10/2021","下午11:28","","-29.53","HKD","","personal; "
"","","Chase","","燃气/燃油","交易对方 1","交通 ▶︎ 燃气/燃油","26/10/2021","下午11:28","","-5.71","HKD","","personal; "
"","","Chase","","景点","交易对方 9","假期 ▶︎ 景点","24/10/2021","下午11:28","","-19.69","HKD","","personal; "
"","","Chase","","停车","交易对方 1","交通 ▶︎ 停车","24/10/2021","下午11:28","","-38.18","HKD","",""
"","","Chase","","抵押/租金","交易对方 3","家庭 ▶︎ 抵押/租金","23/10/2021","下午11:28","","-17.01","HKD","",""
"","","Chase","","宠物","交易对方 7","购物 ▶︎ 宠物","20/10/2021","下午11:28","","-7.75","HKD","",""
"","","Chase","","燃气/燃油","交易对方 1","交通 ▶︎ 燃气/燃油","19/10/2021","下午11:28","","-5.71","HKD","","personal; "
"","","Chase","BofA 活期帐户","转出至 MasterCard","","","18/10/2021","下午11:28","","50.00","HKD","",""
"","","Chase","","抵押/租金","交易对方 3","家庭 ▶︎ 抵押/租金","16/10/2021","下午11:28","","-17.01","HKD","",""
"","","Chase","","燃气/燃油","交易对方 1","交通 ▶︎ 燃气/燃油","12/10/2021","下午11:28","","-5.71","HKD","","personal; "
"","","Chase","","抵押/租金","交易对方 3","家庭 ▶︎ 抵押/租金","09/10/2021","下午11:28","","-17.01","HKD","",""
"","","Chase","","燃气/燃油","交易对方 1","交通 ▶︎ 燃气/燃油","05/10/2021","下午11:28","","-5.71","HKD","","personal; "
"","","Chase","","抵押/租金","交易对方 3","家庭 ▶︎ 抵押/租金","02/10/2021","下午11:28","","-17.01","HKD","",""
"","","Chase","","家具","交易对方 4","家庭 ▶︎ 家具","01/10/2021","下午11:28","","-41.77","HKD","",""
"","","Chase","","燃气/燃油","交易对方 1","交通 ▶︎ 燃气/燃油","28/09/2021","下午11:28","","-5.71","HKD","","personal; "
"","","Chase","","补给","交易对方 2","教育 ▶︎ 补给","27/09/2021","下午11:28","","-29.53","HKD","","personal; "
"","","Chase","","抵押/租金","交易对方 3","家庭 ▶︎ 抵押/租金","25/09/2021","下午11:28","","-17.01","HKD","",""
"","","Chase","","景点","交易对方 9","假期 ▶︎ 景点","24/09/2021","下午11:28","","-19.69","HKD","","personal; "
"","","Chase","","停车","交易对方 1","交通 ▶︎ 停车","24/09/2021","下午11:28","","-38.18","HKD","",""
"","","Chase","","燃气/燃油","交易对方 1","交通 ▶︎ 燃气/燃油","21/09/2021","下午11:28","","-5.71","HKD","","personal; "
"","","Chase","","宠物","交易对方 7","购物 ▶︎ 宠物","20/09/2021","下午11:28","","-7.75","HKD","",""
"","","Chase","","抵押/租金","交易对方 3","家庭 ▶︎ 抵押/租金","18/09/2021","下午11:28","","-17.01","HKD","",""
"","","Chase","BofA 活期帐户","转出至 MasterCard","","","18/09/2021","下午11:28","","50.00","HKD","",""
"","","Chase","","燃气/燃油","交易对方 1","交通 ▶︎ 燃气/燃油","14/09/2021","下午11:28","","-5.71","HKD","","personal; "
"","","Chase","","抵押/租金","交易对方 3","家庭 ▶︎ 抵押/租金","11/09/2021","下午11:28","","-17.01","HKD","",""
"","","Chase","","燃气/燃油","交易对方 1","交通 ▶︎ 燃气/燃油","07/09/2021","下午11:28","","-5.71","HKD","","personal; "
"","","Chase","","抵押/租金","交易对方 3","家庭 ▶︎ 抵押/租金","04/09/2021","下午11:28","","-17.01","HKD","",""
"","","Chase","","家具","交易对方 4","家庭 ▶︎ 家具","01/09/2021","下午11:28","","-41.77","HKD","",""
"","","Chase","","燃气/燃油","交易对方 1","交通 ▶︎ 燃气/燃油","31/08/2021","下午11:28","","-5.71","HKD","","personal; "
"","","Chase","","抵押/租金","交易对方 3","家庭 ▶︎ 抵押/租金","28/08/2021","下午11:28","","-17.01","HKD","",""
"","","Chase","","补给","交易对方 2","教育 ▶︎ 补给","27/08/2021","下午11:28","","-29.53","HKD","","personal; "
"","","Chase","","景点","交易对方 9","假期 ▶︎ 景点","24/08/2021","下午11:28","","-19.69","HKD","","personal; "
"","","Chase","","停车","交易对方 1","交通 ▶︎ 停车","24/08/2021","下午11:28","","-38.18","HKD","",""
"","","Chase","","抵押/租金","交易对方 3","家庭 ▶︎ 抵押/租金","21/08/2021","下午11:28","","-17.01","HKD","",""
"","","Chase","","宠物","交易对方 7","购物 ▶︎ 宠物","20/08/2021","下午11:28","","-7.75","HKD","",""
"","","Chase","BofA 活期帐户","转出至 MasterCard","","","18/08/2021","下午11:28","","50.00","HKD","",""
"","","Chase","","家具","交易对方 4","家庭 ▶︎ 家具","01/08/2021","下午11:28","","-41.77","HKD","",""
"","","Chase","","补给","交易对方 2","教育 ▶︎ 补给","27/07/2021","下午11:28","","-29.53","HKD","","personal; "
"","","Chase","","景点","交易对方 9","假期 ▶︎ 景点","24/07/2021","下午11:28","","-19.69","HKD","","personal; "
"","","Chase","","停车","交易对方 1","交通 ▶︎ 停车","24/07/2021","下午11:28","","-38.18","HKD","",""
"","","Chase","","宠物","交易对方 7","购物 ▶︎ 宠物","20/07/2021","下午11:28","","-7.75","HKD","",""
"","","Chase","BofA 活期帐户","转出至 MasterCard","","","18/07/2021","下午11:28","","50.00","HKD","",""
"","","Chase","","家具","交易对方 4","家庭 ▶︎ 家具","01/07/2021","下午11:28","","-41.77","HKD","",""
"","","Chase","","补给","交易对方 2","教育 ▶︎ 补给","27/06/2021","下午11:28","","-29.53","HKD","","personal; "
"","","Chase","","景点","交易对方 9","假期 ▶︎ 景点","24/06/2021","下午11:28","","-19.69","HKD","","personal; "
"","","Chase","","停车","交易对方 1","交通 ▶︎ 停车","24/06/2021","下午11:28","","-38.18","HKD","",""
"","","Chase","","宠物","交易对方 7","购物 ▶︎ 宠物","20/06/2021","下午11:28","","-7.75","HKD","",""
"","","Chase","BofA 活期帐户","转出至 MasterCard","","","18/06/2021","下午11:28","","50.00","HKD","",""
"","","Chase","","家具","交易对方 4","家庭 ▶︎ 家具","01/06/2021","下午11:28","","-41.77","HKD","",""
"","","Chase","","补给","交易对方 2","教育 ▶︎ 补给","27/05/2021","下午11:28","","-29.53","HKD","","personal; "
"","","Chase","","景点","交易对方 9","假期 ▶︎ 景点","24/05/2021","下午11:28","","-19.69","HKD","","personal; "
"","","Chase","","停车","交易对方 1","交通 ▶︎ 停车","24/05/2021","下午11:28","","-38.18","HKD","",""
"","","Chase","","宠物","交易对方 7","购物 ▶︎ 宠物","20/05/2021","下午11:28","","-7.75","HKD","",""
"","","Chase","BofA 活期帐户","转出至 MasterCard","","","18/05/2021","下午11:28","","50.00","HKD","",""
"","","Chase","","家具","交易对方 4","家庭 ▶︎ 家具","01/05/2021","下午11:28","","-41.77","HKD","",""
"","","Chase","","补给","交易对方 2","教育 ▶︎ 补给","27/04/2021","下午11:28","","-29.53","HKD","","personal; "
"","","Chase","","景点","交易对方 9","假期 ▶︎ 景点","24/04/2021","下午11:28","","-19.69","HKD","","personal; "
"","","Chase","","停车","交易对方 1","交通 ▶︎ 停车","24/04/2021","下午11:28","","-38.18","HKD","",""
"","","Chase","","宠物","交易对方 7","购物 ▶︎ 宠物","20/04/2021","下午11:28","","-7.75","HKD","",""
"","","Chase","","家具","交易对方 4","家庭 ▶︎ 家具","01/04/2021","下午11:28","","-41.77","HKD","",""
"","","Chase","","补给","交易对方 2","教育 ▶︎ 补给","27/03/2021","下午11:28","","-29.53","HKD","","personal; "
"","","Chase","","景点","交易对方 9","假期 ▶︎ 景点","24/03/2021","下午11:28","","-19.69","HKD","","personal; "
"","","Chase","","停车","交易对方 1","交通 ▶︎ 停车","24/03/2021","下午11:28","","-38.18","HKD","",""
"","","Chase","","宠物","交易对方 7","购物 ▶︎ 宠物","20/03/2021","下午11:28","","-7.75","HKD","",""
"","","Chase","","家具","交易对方 4","家庭 ▶︎ 家具","01/03/2021","下午11:28","","-41.77","HKD","",""
"","","Chase","","补给","交易对方 2","教育 ▶︎ 补给","27/02/2021","下午11:28","","-29.53","HKD","","personal; "
"","","Chase","","景点","交易对方 9","假期 ▶︎ 景点","24/02/2021","下午11:28","","-19.69","HKD","","personal; "
"","","Chase","","停车","交易对方 1","交通 ▶︎ 停车","24/02/2021","下午11:28","","-38.18","HKD","",""
"","","Chase","","宠物","交易对方 7","购物 ▶︎ 宠物","20/02/2021","下午11:28","","-7.75","HKD","",""
"","","Chase","","家具","交易对方 4","家庭 ▶︎ 家具","01/02/2021","下午11:28","","-41.77","HKD","",""
"Wells Fargo","-4,273.20","HKD","","","","","","","","","","",""
"","","Wells Fargo","","交通","交易对方 4","假期 ▶︎ 交通","20/03/2022","下午11:28","","-4.03","HKD","","personal; "
"","","Wells Fargo","","其他","交易对方 8","餐饮&外出就餐 ▶︎ 其他","18/03/2022","下午11:28","","-22.12","HKD","","personal; "
"","","Wells Fargo","BofA 活期帐户","转出至 AMEX","","","18/03/2022","下午11:28","","50.00","HKD","",""
"","","Wells Fargo","","家具","交易对方 3","家庭 ▶︎ 家具","12/03/2022","下午11:28","","-28.29","HKD","","business; "
"","","Wells Fargo","","其他","交易对方 8","餐饮&外出就餐 ▶︎ 其他","11/03/2022","下午11:28","","-22.12","HKD","","personal; "
"","","Wells Fargo","","其他","交易对方 8","餐饮&外出就餐 ▶︎ 其他","04/03/2022","下午11:28","","-22.12","HKD","","personal; "
"","","Wells Fargo","","其他","交易对方 2","餐饮&外出就餐 ▶︎ 其他","04/03/2022","下午11:28","","-39.77","HKD","","business; "
"","","Wells Fargo","","服务","交易对方 5","社区 ▶︎ 服务","28/02/2022","下午11:28","","-21.14","HKD","","personal; "
"","","Wells Fargo","","服务","交易对方 7","社区 ▶︎ 服务","27/02/2022","下午11:28","","-46.06","HKD","","business; "
"","","Wells Fargo","","其他","交易对方 8","餐饮&外出就餐 ▶︎ 其他","25/02/2022","下午11:28","","-22.12","HKD","","personal; "
"","","Wells Fargo","","贷款","交易对方 1","社区 ▶︎ 贷款","25/02/2022","下午11:28","","-2.32","HKD","","business; "
"","","Wells Fargo","","娱乐","交易对方 7","个人 ▶︎ 娱乐","23/02/2022","下午11:28","","-0.41","HKD","","business; "
"","","Wells Fargo","","家具","交易对方 3","家庭 ▶︎ 家具","21/02/2022","下午11:28","","-15.23","HKD","","personal; "
"","","Wells Fargo","","交通","交易对方 4","假期 ▶︎ 交通","20/02/2022","下午11:28","","-4.03","HKD","","personal; "
"","","Wells Fargo","","其他","交易对方 8","餐饮&外出就餐 ▶︎ 其他","18/02/2022","下午11:28","","-22.12","HKD","","personal; "
"","","Wells Fargo","BofA 活期帐户","转出至 AMEX","","","18/02/2022","下午11:28","","50.00","HKD","",""
"","","Wells Fargo","","家具","交易对方 3","家庭 ▶︎ 家具","12/02/2022","下午11:28","","-28.29","HKD","","business; "
"","","Wells Fargo","","其他","交易对方 8","餐饮&外出就餐 ▶︎ 其他","11/02/2022","下午11:28","","-22.12","HKD","","personal; "
"","","Wells Fargo","","其他","交易对方 8","餐饮&外出就餐 ▶︎ 其他","04/02/2022","下午11:28","","-22.12","HKD","","personal; "
"","","Wells Fargo","","其他","交易对方 2","餐饮&外出就餐 ▶︎ 其他","04/02/2022","下午11:28","","-39.77","HKD","","business; "
"","","Wells Fargo","","服务","交易对方 5","社区 ▶︎ 服务","31/01/2022","下午11:28","","-21.14","HKD","","personal; "
"","","Wells Fargo","","其他","交易对方 8","餐饮&外出就餐 ▶︎ 其他","28/01/2022","下午11:28","","-22.12","HKD","","personal; "
"","","Wells Fargo","","服务","交易对方 7","社区 ▶︎ 服务","27/01/2022","下午11:28","","-46.06","HKD","","business; "
"","","Wells Fargo","","贷款","交易对方 1","社区 ▶︎ 贷款","25/01/2022","下午11:28","","-2.32","HKD","","business; "
"","","Wells Fargo","","娱乐","交易对方 7","个人 ▶︎ 娱乐","23/01/2022","下午11:28","","-0.41","HKD","","business; "
"","","Wells Fargo","","其他","交易对方 8","餐饮&外出就餐 ▶︎ 其他","21/01/2022","下午11:28","","-22.12","HKD","","personal; "
"","","Wells Fargo","","家具","交易对方 3","家庭 ▶︎ 家具","21/01/2022","下午11:28","","-15.23","HKD","","personal; "
"","","Wells Fargo","","交通","交易对方 4","假期 ▶︎ 交通","20/01/2022","下午11:28","","-4.03","HKD","","personal; "
"","","Wells Fargo","BofA 活期帐户","转出至 AMEX","","","18/01/2022","下午11:28","","50.00","HKD","",""
"","","Wells Fargo","","其他","交易对方 8","餐饮&外出就餐 ▶︎ 其他","14/01/2022","下午11:28","","-22.12","HKD","","personal; "
"","","Wells Fargo","","家具","交易对方 3","家庭 ▶︎ 家具","12/01/2022","下午11:28","","-28.29","HKD","","business; "
"","","Wells Fargo","","其他","交易对方 8","餐饮&外出就餐 ▶︎ 其他","07/01/2022","下午11:28","","-22.12","HKD","","personal; "
"","","Wells Fargo","","其他","交易对方 2","餐饮&外出就餐 ▶︎ 其他","04/01/2022","下午11:28","","-39.77","HKD","","business; "
"","","Wells Fargo","","其他","交易对方 8","餐饮&外出就餐 ▶︎ 其他","31/12/2021","下午11:28","","-22.12","HKD","","personal; "
"","","Wells Fargo","","服务","交易对方 5","社区 ▶︎ 服务","31/12/2021","下午11:28","","-21.14","HKD","","personal; "
"","","Wells Fargo","","服务","交易对方 7","社区 ▶︎ 服务","27/12/2021","下午11:28","","-46.06","HKD","","business; "
"","","Wells Fargo","","贷款","交易对方 1","社区 ▶︎ 贷款","25/12/2021","下午11:28","","-2.32","HKD","","business; "
"","","Wells Fargo","","其他","交易对方 8","餐饮&外出就餐 ▶︎ 其他","24/12/2021","下午11:28","","-22.12","HKD","","personal; "
"","","Wells Fargo","","娱乐","交易对方 7","个人 ▶︎ 娱乐","23/12/2021","下午11:28","","-0.41","HKD","","business; "
"","","Wells Fargo","","家具","交易对方 3","家庭 ▶︎ 家具","21/12/2021","下午11:28","","-15.23","HKD","","personal; "
"","","Wells Fargo","","交通","交易对方 4","假期 ▶︎ 交通","20/12/2021","下午11:28","","-4.03","HKD","","personal; "
"","","Wells Fargo","BofA 活期帐户","转出至 AMEX","","","18/12/2021","下午11:28","","50.00","HKD","",""
"","","Wells Fargo","","其他","交易对方 8","餐饮&外出就餐 ▶︎ 其他","17/12/2021","下午11:28","","-22.12","HKD","","personal; "
"","","Wells Fargo","","家具","交易对方 3","家庭 ▶︎ 家具","12/12/2021","下午11:28","","-28.29","HKD","","business; "
"","","Wells Fargo","","其他","交易对方 8","餐饮&外出就餐 ▶︎ 其他","10/12/2021","下午11:28","","-22.12","HKD","","personal; "
"","","Wells Fargo","","其他","交易对方 2","餐饮&外出就餐 ▶︎ 其他","04/12/2021","下午11:28","","-39.77","HKD","","business; "
"","","Wells Fargo","","其他","交易对方 8","餐饮&外出就餐 ▶︎ 其他","03/12/2021","下午11:28","","-22.12","HKD","","personal; "
"","","Wells Fargo","","服务","交易对方 5","社区 ▶︎ 服务","30/11/2021","下午11:28","","-21.14","HKD","","personal; "
"","","Wells Fargo","","服务","交易对方 7","社区 ▶︎ 服务","27/11/2021","下午11:28","","-46.06","HKD","","business; "
"","","Wells Fargo","","其他","交易对方 8","餐饮&外出就餐 ▶︎ 其他","26/11/2021","下午11:28","","-22.12","HKD","","personal; "
"","","Wells Fargo","","贷款","交易对方 1","社区 ▶︎ 贷款","25/11/2021","下午11:28","","-2.32","HKD","","business; "
"","","Wells Fargo","","娱乐","交易对方 7","个人 ▶︎ 娱乐","23/11/2021","下午11:28","","-0.41","HKD","","business; "
"","","Wells Fargo","","家具","交易对方 3","家庭 ▶︎ 家具","21/11/2021","下午11:28","","-15.23","HKD","","personal; "
"","","Wells Fargo","","交通","交易对方 4","假期 ▶︎ 交通","20/11/2021","下午11:28","","-4.03","HKD","","personal; "
"","","Wells Fargo","","其他","交易对方 8","餐饮&外出就餐 ▶︎ 其他","19/11/2021","下午11:28","","-22.12","HKD","","personal; "
"","","Wells Fargo","BofA 活期帐户","转出至 AMEX","","","18/11/2021","下午11:28","","50.00","HKD","",""
"","","Wells Fargo","","其他","交易对方 8","餐饮&外出就餐 ▶︎ 其他","12/11/2021","下午11:28","","-22.12","HKD","","personal; "
"","","Wells Fargo","","家具","交易对方 3","家庭 ▶︎ 家具","12/11/2021","下午11:28","","-28.29","HKD","","business; "
"","","Wells Fargo","","其他","交易对方 8","餐饮&外出就餐 ▶︎ 其他","05/11/2021","下午11:28","","-22.12","HKD","","personal; "
"","","Wells Fargo","","其他","交易对方 2","餐饮&外出就餐 ▶︎ 其他","04/11/2021","下午11:28","","-39.77","HKD","","business; "
"","","Wells Fargo","","服务","交易对方 5","社区 ▶︎ 服务","31/10/2021","下午11:28","","-21.14","HKD","","personal; "
"","","Wells Fargo","","其他","交易对方 8","餐饮&外出就餐 ▶︎ 其他","29/10/2021","下午11:28","","-22.12","HKD","","personal; "
"","","Wells Fargo","","服务","交易对方 7","社区 ▶︎ 服务","27/10/2021","下午11:28","","-46.06","HKD","","business; "
"","","Wells Fargo","","贷款","交易对方 1","社区 ▶︎ 贷款","25/10/2021","下午11:28","","-2.32","HKD","","business; "
"","","Wells Fargo","","娱乐","交易对方 7","个人 ▶︎ 娱乐","23/10/2021","下午11:28","","-0.41","HKD","","business; "
"","","Wells Fargo","","其他","交易对方 8","餐饮&外出就餐 ▶︎ 其他","22/10/2021","下午11:28","","-22.12","HKD","","personal; "
"","","Wells Fargo","","家具","交易对方 3","家庭 ▶︎ 家具","21/10/2021","下午11:28","","-15.23","HKD","","personal; "
"","","Wells Fargo","","交通","交易对方 4","假期 ▶︎ 交通","20/10/2021","下午11:28","","-4.03","HKD","","personal; "
"","","Wells Fargo","BofA 活期帐户","转出至 AMEX","","","18/10/2021","下午11:28","","50.00","HKD","",""
"","","Wells Fargo","","其他","交易对方 8","餐饮&外出就餐 ▶︎ 其他","15/10/2021","下午11:28","","-22.12","HKD","","personal; "
"","","Wells Fargo","","家具","交易对方 3","家庭 ▶︎ 家具","12/10/2021","下午11:28","","-28.29","HKD","","business; "
"","","Wells Fargo","","其他","交易对方 8","餐饮&外出就餐 ▶︎ 其他","08/10/2021","下午11:28","","-22.12","HKD","","personal; "
"","","Wells Fargo","","其他","交易对方 2","餐饮&外出就餐 ▶︎ 其他","04/10/2021","下午11:28","","-39.77","HKD","","business; "
"","","Wells Fargo","","其他","交易对方 8","餐饮&外出就餐 ▶︎ 其他","01/10/2021","下午11:28","","-22.12","HKD","","personal; "
"","","Wells Fargo","","服务","交易对方 5","社区 ▶︎ 服务","30/09/2021","下午11:28","","-21.14","HKD","","personal; "
"","","Wells Fargo","","服务","交易对方 7","社区 ▶︎ 服务","27/09/2021","下午11:28","","-46.06","HKD","","business; "
"","","Wells Fargo","","贷款","交易对方 1","社区 ▶︎ 贷款","25/09/2021","下午11:28","","-2.32","HKD","","business; "
"","","Wells Fargo","","其他","交易对方 8","餐饮&外出就餐 ▶︎ 其他","24/09/2021","下午11:28","","-22.12","HKD","","personal; "
"","","Wells Fargo","","娱乐","交易对方 7","个人 ▶︎ 娱乐","23/09/2021","下午11:28","","-0.41","HKD","","business; "
"","","Wells Fargo","","家具","交易对方 3","家庭 ▶︎ 家具","21/09/2021","下午11:28","","-15.23","HKD","","personal; "
"","","Wells Fargo","","交通","交易对方 4","假期 ▶︎ 交通","20/09/2021","下午11:28","","-4.03","HKD","","personal; "
"","","Wells Fargo","BofA 活期帐户","转出至 AMEX","","","18/09/2021","下午11:28","","50.00","HKD","",""
"","","Wells Fargo","","其他","交易对方 8","餐饮&外出就餐 ▶︎ 其他","17/09/2021","下午11:28","","-22.12","HKD","","personal; "
"","","Wells Fargo","","家具","交易对方 3","家庭 ▶︎ 家具","12/09/2021","下午11:28","","-28.29","HKD","","business; "
"","","Wells Fargo","","其他","交易对方 8","餐饮&外出就餐 ▶︎ 其他","10/09/2021","下午11:28","","-22.12","HKD","","personal; "
"","","Wells Fargo","","其他","交易对方 2","餐饮&外出就餐 ▶︎ 其他","04/09/2021","下午11:28","","-39.77","HKD","","business; "
"","","Wells Fargo","","其他","交易对方 8","餐饮&外出就餐 ▶︎ 其他","03/09/2021","下午11:28","","-22.12","HKD","","personal; "
"","","Wells Fargo","","服务","交易对方 5","社区 ▶︎ 服务","31/08/2021","下午11:28","","-21.14","HKD","","personal; "
"","","Wells Fargo","","其他","交易对方 8","餐饮&外出就餐 ▶︎ 其他","27/08/2021","下午11:28","","-22.12","HKD","","personal; "
"","","Wells Fargo","","服务","交易对方 7","社区 ▶︎ 服务","27/08/2021","下午11:28","","-46.06","HKD","","business; "
"","","Wells Fargo","","贷款","交易对方 1","社区 ▶︎ 贷款","25/08/2021","下午11:28","","-2.32","HKD","","business; "
"","","Wells Fargo","","娱乐","交易对方 7","个人 ▶︎ 娱乐","23/08/2021","下午11:28","","-0.41","HKD","","business; "
"","","Wells Fargo","","家具","交易对方 3","家庭 ▶︎ 家具","21/08/2021","下午11:28","","-15.23","HKD","","personal; "
"","","Wells Fargo","","其他","交易对方 8","餐饮&外出就餐 ▶︎ 其他","20/08/2021","下午11:28","","-22.12","HKD","","personal; "
"","","Wells Fargo","","交通","交易对方 4","假期 ▶︎ 交通","20/08/2021","下午11:28","","-4.03","HKD","","personal; "
"","","Wells Fargo","BofA 活期帐户","转出至 AMEX","","","18/08/2021","下午11:28","","50.00","HKD","",""
"","","Wells Fargo","","家具","交易对方 3","家庭 ▶︎ 家具","12/08/2021","下午11:28","","-28.29","HKD","","business; "
"","","Wells Fargo","","其他","交易对方 2","餐饮&外出就餐 ▶︎ 其他","04/08/2021","下午11:28","","-39.77","HKD","","business; "
"","","Wells Fargo","","服务","交易对方 5","社区 ▶︎ 服务","31/07/2021","下午11:28","","-21.14","HKD","","personal; "
"","","Wells Fargo","","服务","交易对方 7","社区 ▶︎ 服务","27/07/2021","下午11:28","","-46.06","HKD","","business; "
"","","Wells Fargo","","贷款","交易对方 1","社区 ▶︎ 贷款","25/07/2021","下午11:28","","-2.32","HKD","","business; "
"","","Wells Fargo","","娱乐","交易对方 7","个人 ▶︎ 娱乐","23/07/2021","下午11:28","","-0.41","HKD","","business; "
"","","Wells Fargo","","家具","交易对方 3","家庭 ▶︎ 家具","21/07/2021","下午11:28","","-15.23","HKD","","personal; "
"","","Wells Fargo","","交通","交易对方 4","假期 ▶︎ 交通","20/07/2021","下午11:28","","-4.03","HKD","","personal; "
"","","Wells Fargo","BofA 活期帐户","转出至 AMEX","","","18/07/2021","下午11:28","","50.00","HKD","",""
"","","Wells Fargo","","家具","交易对方 3","家庭 ▶︎ 家具","12/07/2021","下午11:28","","-28.29","HKD","","business; "
"","","Wells Fargo","","其他","交易对方 2","餐饮&外出就餐 ▶︎ 其他","04/07/2021","下午11:28","","-39.77","HKD","","business; "
"","","Wells Fargo","","服务","交易对方 5","社区 ▶︎ 服务","30/06/2021","下午11:28","","-21.14","HKD","","personal; "
"","","Wells Fargo","","服务","交易对方 7","社区 ▶︎ 服务","27/06/2021","下午11:28","","-46.06","HKD","","business; "
"","","Wells Fargo","","贷款","交易对方 1","社区 ▶︎ 贷款","25/06/2021","下午11:28","","-2.32","HKD","","business; "
"","","Wells Fargo","","娱乐","交易对方 7","个人 ▶︎ 娱乐","23/06/2021","下午11:28","","-0.41","HKD","","business; "
"","","Wells Fargo","","家具","交易对方 3","家庭 ▶︎ 家具","21/06/2021","下午11:28","","-15.23","HKD","","personal; "
"","","Wells Fargo","","交通","交易对方 4","假期 ▶︎ 交通","20/06/2021","下午11:28","","-4.03","HKD","","personal; "
"","","Wells Fargo","BofA 活期帐户","转出至 AMEX","","","18/06/2021","下午11:28","","50.00","HKD","",""
"","","Wells Fargo","","家具","交易对方 3","家庭 ▶︎ 家具","12/06/2021","下午11:28","","-28.29","HKD","","business; "
"","","Wells Fargo","","其他","交易对方 2","餐饮&外出就餐 ▶︎ 其他","04/06/2021","下午11:28","","-39.77","HKD","","business; "
"","","Wells Fargo","","服务","交易对方 5","社区 ▶︎ 服务","31/05/2021","下午11:28","","-21.14","HKD","","personal; "
"","","Wells Fargo","","服务","交易对方 7","社区 ▶︎ 服务","27/05/2021","下午11:28","","-46.06","HKD","","business; "
"","","Wells Fargo","","贷款","交易对方 1","社区 ▶︎ 贷款","25/05/2021","下午11:28","","-2.32","HKD","","business; "
"","","Wells Fargo","","娱乐","交易对方 7","个人 ▶︎ 娱乐","23/05/2021","下午11:28","","-0.41","HKD","","business; "
"","","Wells Fargo","","家具","交易对方 3","家庭 ▶︎ 家具","21/05/2021","下午11:28","","-15.23","HKD","","personal; "
"","","Wells Fargo","","交通","交易对方 4","假期 ▶︎ 交通","20/05/2021","下午11:28","","-4.03","HKD","","personal; "
"","","Wells Fargo","BofA 活期帐户","转出至 AMEX","","","18/05/2021","下午11:28","","50.00","HKD","",""
"","","Wells Fargo","","家具","交易对方 3","家庭 ▶︎ 家具","12/05/2021","下午11:28","","-28.29","HKD","","business; "
"","","Wells Fargo","","其他","交易对方 2","餐饮&外出就餐 ▶︎ 其他","04/05/2021","下午11:28","","-39.77","HKD","","business; "
"","","Wells Fargo","","服务","交易对方 5","社区 ▶︎ 服务","30/04/2021","下午11:28","","-21.14","HKD","","personal; "
"","","Wells Fargo","","服务","交易对方 7","社区 ▶︎ 服务","27/04/2021","下午11:28","","-46.06","HKD","","business; "
"","","Wells Fargo","","贷款","交易对方 1","社区 ▶︎ 贷款","25/04/2021","下午11:28","","-2.32","HKD","","business; "
"","","Wells Fargo","","娱乐","交易对方 7","个人 ▶︎ 娱乐","23/04/2021","下午11:28","","-0.41","HKD","","business; "
"","","Wells Fargo","","家具","交易对方 3","家庭 ▶︎ 家具","21/04/2021","下午11:28","","-15.23","HKD","","personal; "
"","","Wells Fargo","","交通","交易对方 4","假期 ▶︎ 交通","20/04/2021","下午11:28","","-4.03","HKD","","personal; "
"","","Wells Fargo","","家具","交易对方 3","家庭 ▶︎ 家具","12/04/2021","下午11:28","","-28.29","HKD","","business; "
"","","Wells Fargo","","其他","交易对方 2","餐饮&外出就餐 ▶︎ 其他","04/04/2021","下午11:28","","-39.77","HKD","","business; "
"","","Wells Fargo","","服务","交易对方 5","社区 ▶︎ 服务","31/03/2021","下午11:28","","-21.14","HKD","","personal; "
"","","Wells Fargo","","服务","交易对方 7","社区 ▶︎ 服务","27/03/2021","下午11:28","","-46.06","HKD","","business; "
"","","Wells Fargo","","贷款","交易对方 1","社区 ▶︎ 贷款","25/03/2021","下午11:28","","-2.32","HKD","","business; "
"","","Wells Fargo","","娱乐","交易对方 7","个人 ▶︎ 娱乐","23/03/2021","下午11:28","","-0.41","HKD","","business; "
"","","Wells Fargo","","家具","交易对方 3","家庭 ▶︎ 家具","21/03/2021","下午11:28","","-15.23","HKD","","personal; "
"","","Wells Fargo","","交通","交易对方 4","假期 ▶︎ 交通","20/03/2021","下午11:28","","-4.03","HKD","","personal; "
"","","Wells Fargo","","家具","交易对方 3","家庭 ▶︎ 家具","12/03/2021","下午11:28","","-28.29","HKD","","business; "
"","","Wells Fargo","","其他","交易对方 2","餐饮&外出就餐 ▶︎ 其他","04/03/2021","下午11:28","","-39.77","HKD","","business; "
"","","Wells Fargo","","服务","交易对方 5","社区 ▶︎ 服务","28/02/2021","下午11:28","","-21.14","HKD","","personal; "
"","","Wells Fargo","","服务","交易对方 7","社区 ▶︎ 服务","27/02/2021","下午11:28","","-46.06","HKD","","business; "
"","","Wells Fargo","","贷款","交易对方 1","社区 ▶︎ 贷款","25/02/2021","下午11:28","","-2.32","HKD","","business; "
"","","Wells Fargo","","娱乐","交易对方 7","个人 ▶︎ 娱乐","23/02/2021","下午11:28","","-0.41","HKD","","business; "
"","","Wells Fargo","","家具","交易对方 3","家庭 ▶︎ 家具","21/02/2021","下午11:28","","-15.23","HKD","","personal; "
"","","Wells Fargo","","交通","交易对方 4","假期 ▶︎ 交通","20/02/2021","下午11:28","","-4.03","HKD","","personal; "
"","","Wells Fargo","","家具","交易对方 3","家庭 ▶︎ 家具","12/02/2021","下午11:28","","-28.29","HKD","","business; "
"","","Wells Fargo","","其他","交易对方 2","餐饮&外出就餐 ▶︎ 其他","04/02/2021","下午11:28","","-39.77","HKD","","business; "
"","","Wells Fargo","","服务","交易对方 5","社区 ▶︎ 服务","31/01/2021","下午11:28","","-21.14","HKD","","personal; "
"E*Trade","117,795.40","USD","","","","","","","","","","",""
"","","E*Trade","","Virgin Galactic Holdings","","","20/03/2022","下午11:28","","-960.00","USD","",""
"","","E*Trade","","Walt Disney Company","","","20/03/2022","下午11:28","","-1,750.00","USD","",""
"","","E*Trade","","Tesla","","","20/03/2022","下午11:28","","-3,000.00","USD","",""
"","","E*Trade","","Amazon","","","20/03/2022","下午11:28","","-3,000.00","USD","",""
"","","E*Trade","","Apple","","","20/03/2022","下午11:28","","-1,200.00","USD","",""
"Binance","395,243.38","USD","","","","","","","","","","",""
"","","Binance","","BTC > ETH","","","20/03/2022","下午11:28","","-7,814.63","USD","",""
"","","Binance","","USD > EUR","","","20/03/2022","下午11:28","","-100.00","USD","",""
"","","Binance","","USD > ETH","","","20/03/2022","下午11:28","","-200.00","USD","",""
"","","Binance","","BTC > USD","","","20/03/2022","下午11:28","","-100.00","USD","",""
"","","Binance","","USD > BTC","","","20/03/2022","下午11:28","","-200.00","USD","",""
"BofA 活期帐户","39,937.12","HKD","","","","","","","","","","",""
"","","BofA 活期帐户","CapitalOne","转出至 Visa","","","18/03/2022","下午11:30","","-50.00","HKD","",""
"","","BofA 活期帐户","Wells Fargo","转出至 AMEX","","","18/03/2022","下午11:28","","-50.00","HKD","",""
"","","BofA 活期帐户","Chase","转出至 MasterCard","","","18/03/2022","下午11:28","","-50.00","HKD","",""
"","","BofA 活期帐户","HSBC 储蓄账户","转出至 Savings","","","18/03/2022","下午11:28","","-500.00","HKD","",""
"","","BofA 活期帐户","","工资&奖金","","工资","17/03/2022","下午11:28","","4,000.00","HKD","",""
"","","BofA 活期帐户","Wells Fargo","转出至 AMEX","","","18/02/2022","下午11:28","","-50.00","HKD","",""
"","","BofA 活期帐户","CapitalOne","转出至 Visa","","","18/02/2022","下午11:28","","-50.00","HKD","",""
"","","BofA 活期帐户","Chase","转出至 MasterCard","","","18/02/2022","下午11:28","","-50.00","HKD","",""
"","","BofA 活期帐户","HSBC 储蓄账户","转出至 Savings","","","18/02/2022","下午11:28","","-500.00","HKD","",""
"","","BofA 活期帐户","","工资&奖金","","工资","17/02/2022","下午11:28","","4,000.00","HKD","",""
"","","BofA 活期帐户","Wells Fargo","转出至 AMEX","","","18/01/2022","下午11:28","","-50.00","HKD","",""
"","","BofA 活期帐户","CapitalOne","转出至 Visa","","","18/01/2022","下午11:28","","-50.00","HKD","",""
"","","BofA 活期帐户","Chase","转出至 MasterCard","","","18/01/2022","下午11:28","","-50.00","HKD","",""
"","","BofA 活期帐户","HSBC 储蓄账户","转出至 Savings","","","18/01/2022","下午11:28","","-500.00","HKD","",""
"","","BofA 活期帐户","","工资&奖金","","工资","17/01/2022","下午11:28","","4,000.00","HKD","",""
"","","BofA 活期帐户","Wells Fargo","转出至 AMEX","","","18/12/2021","下午11:28","","-50.00","HKD","",""
"","","BofA 活期帐户","CapitalOne","转出至 Visa","","","18/12/2021","下午11:28","","-50.00","HKD","",""
"","","BofA 活期帐户","Chase","转出至 MasterCard","","","18/12/2021","下午11:28","","-50.00","HKD","",""
"","","BofA 活期帐户","HSBC 储蓄账户","转出至 Savings","","","18/12/2021","下午11:28","","-500.00","HKD","",""
"","","BofA 活期帐户","","工资&奖金","","工资","17/12/2021","下午11:28","","4,000.00","HKD","",""
"","","BofA 活期帐户","Wells Fargo","转出至 AMEX","","","18/11/2021","下午11:28","","-50.00","HKD","",""
"","","BofA 活期帐户","CapitalOne","转出至 Visa","","","18/11/2021","下午11:28","","-50.00","HKD","",""
"","","BofA 活期帐户","Chase","转出至 MasterCard","","","18/11/2021","下午11:28","","-50.00","HKD","",""
"","","BofA 活期帐户","HSBC 储蓄账户","转出至 Savings","","","18/11/2021","下午11:28","","-500.00","HKD","",""
"","","BofA 活期帐户","","工资&奖金","","工资","17/11/2021","下午11:28","","4,000.00","HKD","",""
"","","BofA 活期帐户","Wells Fargo","转出至 AMEX","","","18/10/2021","下午11:28","","-50.00","HKD","",""
"","","BofA 活期帐户","CapitalOne","转出至 Visa","","","18/10/2021","下午11:28","","-50.00","HKD","",""
"","","BofA 活期帐户","Chase","转出至 MasterCard","","","18/10/2021","下午11:28","","-50.00","HKD","",""
"","","BofA 活期帐户","HSBC 储蓄账户","转出至 Savings","","","18/10/2021","下午11:28","","-500.00","HKD","",""
"","","BofA 活期帐户","","工资&奖金","","工资","17/10/2021","下午11:28","","4,000.00","HKD","",""
"","","BofA 活期帐户","Wells Fargo","转出至 AMEX","","","18/09/2021","下午11:28","","-50.00","HKD","",""
"","","BofA 活期帐户","CapitalOne","转出至 Visa","","","18/09/2021","下午11:28","","-50.00","HKD","",""
"","","BofA 活期帐户","Chase","转出至 MasterCard","","","18/09/2021","下午11:28","","-50.00","HKD","",""
"","","BofA 活期帐户","HSBC 储蓄账户","转出至 Savings","","","18/09/2021","下午11:28","","-500.00","HKD","",""
"","","BofA 活期帐户","","工资&奖金","","工资","17/09/2021","下午11:28","","4,000.00","HKD","",""
"","","BofA 活期帐户","Wells Fargo","转出至 AMEX","","","18/08/2021","下午11:28","","-50.00","HKD","",""
"","","BofA 活期帐户","CapitalOne","转出至 Visa","","","18/08/2021","下午11:28","","-50.00","HKD","",""
"","","BofA 活期帐户","Chase","转出至 MasterCard","","","18/08/2021","下午11:28","","-50.00","HKD","",""
"","","BofA 活期帐户","HSBC 储蓄账户","转出至 Savings","","","18/08/2021","下午11:28","","-500.00","HKD","",""
"","","BofA 活期帐户","","工资&奖金","","工资","17/08/2021","下午11:28","","4,000.00","HKD","",""
"","","BofA 活期帐户","Wells Fargo","转出至 AMEX","","","18/07/2021","下午11:28","","-50.00","HKD","",""
"","","BofA 活期帐户","CapitalOne","转出至 Visa","","","18/07/2021","下午11:28","","-50.00","HKD","",""
"","","BofA 活期帐户","Chase","转出至 MasterCard","","","18/07/2021","下午11:28","","-50.00","HKD","",""
"","","BofA 活期帐户","HSBC 储蓄账户","转出至 Savings","","","18/07/2021","下午11:28","","-500.00","HKD","",""
"","","BofA 活期帐户","","工资&奖金","","工资","17/07/2021","下午11:28","","4,000.00","HKD","",""
"","","BofA 活期帐户","Wells Fargo","转出至 AMEX","","","18/06/2021","下午11:28","","-50.00","HKD","",""
"","","BofA 活期帐户","CapitalOne","转出至 Visa","","","18/06/2021","下午11:28","","-50.00","HKD","",""
"","","BofA 活期帐户","Chase","转出至 MasterCard","","","18/06/2021","下午11:28","","-50.00","HKD","",""
"","","BofA 活期帐户","HSBC 储蓄账户","转出至 Savings","","","18/06/2021","下午11:28","","-500.00","HKD","",""
"","","BofA 活期帐户","","工资&奖金","","工资","17/06/2021","下午11:28","","4,000.00","HKD","",""
"","","BofA 活期帐户","HSBC 储蓄账户","转出至 Savings","","","18/05/2021","下午11:28","","-500.00","HKD","",""
"","","BofA 活期帐户","Wells Fargo","转出至 AMEX","","","18/05/2021","下午11:28","","-50.00","HKD","",""
"","","BofA 活期帐户","Chase","转出至 MasterCard","","","18/05/2021","下午11:28","","-50.00","HKD","",""
"","","BofA 活期帐户","CapitalOne","转出至 Visa","","","18/05/2021","下午11:28","","-50.00","HKD","",""
"","","BofA 活期帐户","","工资&奖金","","工资","17/05/2021","下午11:28","","4,000.00","HKD","",""
"NatWest 储蓄账户","14,824.15","HKD","","","","","","","","","","",""
"HSBC 储蓄账户","23,000.00","HKD","","","","","","","","","","",""
"","","HSBC 储蓄账户","BofA 活期帐户","转出至 Savings","","","18/03/2022","下午11:28","","500.00","HKD","",""
"","","HSBC 储蓄账户","BofA 活期帐户","转出至 Savings","","","18/02/2022","下午11:28","","500.00","HKD","",""
"","","HSBC 储蓄账户","BofA 活期帐户","转出至 Savings","","","18/01/2022","下午11:28","","500.00","HKD","",""
"","","HSBC 储蓄账户","BofA 活期帐户","转出至 Savings","","","18/12/2021","下午11:28","","500.00","HKD","",""
"","","HSBC 储蓄账户","BofA 活期帐户","转出至 Savings","","","18/11/2021","下午11:28","","500.00","HKD","",""
"","","HSBC 储蓄账户","BofA 活期帐户","转出至 Savings","","","18/10/2021","下午11:28","","500.00","HKD","",""
"","","HSBC 储蓄账户","BofA 活期帐户","转出至 Savings","","","18/09/2021","下午11:28","","500.00","HKD","",""
"","","HSBC 储蓄账户","BofA 活期帐户","转出至 Savings","","","18/08/2021","下午11:28","","500.00","HKD","",""
"","","HSBC 储蓄账户","BofA 活期帐户","转出至 Savings","","","18/07/2021","下午11:28","","500.00","HKD","",""
"","","HSBC 储蓄账户","BofA 活期帐户","转出至 Savings","","","18/06/2021","下午11:28","","500.00","HKD","",""
"","","HSBC 储蓄账户","BofA 活期帐户","转出至 Savings","","","18/05/2021","下午11:28","","500.00","HKD","",""
"现金 HKD","56.10","HKD","","","","","","","","","","",""
"","","现金 HKD","","交通","交易对方 4","假期 ▶︎ 交通","19/03/2022","下午11:28","","-7.44","HKD","",""
"","","现金 HKD","","抵押/租金","交易对方 8","家庭 ▶︎ 抵押/租金","18/03/2022","下午11:28","","-12.12","HKD","","personal; "
"","","现金 HKD","","娱乐","交易对方 2","个人 ▶︎ 娱乐","17/03/2022","下午11:28","","-17.70","HKD","","personal; "
"","","现金 HKD","","餐厅","交易对方 8","餐饮&外出就餐 ▶︎ 餐厅","14/03/2022","下午11:28","","-38.17","HKD","",""
"","","现金 HKD","","抵押/租金","交易对方 8","家庭 ▶︎ 抵押/租金","11/03/2022","下午11:28","","-12.12","HKD","","personal; "
"","","现金 HKD","","其他","交易对方 5","交通 ▶︎ 其他","06/03/2022","下午11:28","","-0.95","HKD","","business; "
"","","现金 HKD","","学费","交易对方 4","教育 ▶︎ 学费","06/03/2022","下午11:28","","-7.01","HKD","","business; "
"","","现金 HKD","","保养","交易对方 5","家庭 ▶︎ 保养","05/03/2022","下午11:28","","-27.44","HKD","",""
"","","现金 HKD","","食品杂货","交易对方 6","餐饮&外出就餐 ▶︎ 食品杂货","05/03/2022","下午11:28","","-0.84","HKD","","business; "
"","","现金 HKD","","抵押/租金","交易对方 8","家庭 ▶︎ 抵押/租金","04/03/2022","下午11:28","","-12.12","HKD","","personal; "
"","","现金 HKD","","抵押/租金","交易对方 8","家庭 ▶︎ 抵押/租金","25/02/2022","下午11:28","","-12.12","HKD","","personal; "
"","","现金 HKD","","交通","交易对方 4","假期 ▶︎ 交通","19/02/2022","下午11:28","","-7.44","HKD","",""
"","","现金 HKD","","抵押/租金","交易对方 8","家庭 ▶︎ 抵押/租金","18/02/2022","下午11:28","","-12.12","HKD","","personal; "
"","","现金 HKD","","娱乐","交易对方 2","个人 ▶︎ 娱乐","17/02/2022","下午11:28","","-17.70","HKD","","personal; "
"","","现金 HKD","","餐厅","交易对方 8","餐饮&外出就餐 ▶︎ 餐厅","14/02/2022","下午11:28","","-38.17","HKD","",""
"","","现金 HKD","","抵押/租金","交易对方 8","家庭 ▶︎ 抵押/租金","11/02/2022","下午11:28","","-12.12","HKD","","personal; "
"","","现金 HKD","","其他","交易对方 5","交通 ▶︎ 其他","06/02/2022","下午11:28","","-0.95","HKD","","business; "
"","","现金 HKD","","学费","交易对方 4","教育 ▶︎ 学费","06/02/2022","下午11:28","","-7.01","HKD","","business; "
"","","现金 HKD","","保养","交易对方 5","家庭 ▶︎ 保养","05/02/2022","下午11:28","","-27.44","HKD","",""
"","","现金 HKD","","食品杂货","交易对方 6","餐饮&外出就餐 ▶︎ 食品杂货","05/02/2022","下午11:28","","-0.84","HKD","","business; "
"","","现金 HKD","","抵押/租金","交易对方 8","家庭 ▶︎ 抵押/租金","04/02/2022","下午11:28","","-12.12","HKD","","personal; "
"","","现金 HKD","","抵押/租金","交易对方 8","家庭 ▶︎ 抵押/租金","28/01/2022","下午11:28","","-12.12","HKD","","personal; "
"","","现金 HKD","","抵押/租金","交易对方 8","家庭 ▶︎ 抵押/租金","21/01/2022","下午11:28","","-12.12","HKD","","personal; "
"","","现金 HKD","","交通","交易对方 4","假期 ▶︎ 交通","19/01/2022","下午11:28","","-7.44","HKD","",""
"","","现金 HKD","","娱乐","交易对方 2","个人 ▶︎ 娱乐","17/01/2022","下午11:28","","-17.70","HKD","","personal; "
"","","现金 HKD","","抵押/租金","交易对方 8","家庭 ▶︎ 抵押/租金","14/01/2022","下午11:28","","-12.12","HKD","","personal; "
"","","现金 HKD","","餐厅","交易对方 8","餐饮&外出就餐 ▶︎ 餐厅","14/01/2022","下午11:28","","-38.17","HKD","",""
"","","现金 HKD","","抵押/租金","交易对方 8","家庭 ▶︎ 抵押/租金","07/01/2022","下午11:28","","-12.12","HKD","","personal; "
"","","现金 HKD","","其他","交易对方 5","交通 ▶︎ 其他","06/01/2022","下午11:28","","-0.95","HKD","","business; "
"","","现金 HKD","","学费","交易对方 4","教育 ▶︎ 学费","06/01/2022","下午11:28","","-7.01","HKD","","business; "
"","","现金 HKD","","保养","交易对方 5","家庭 ▶︎ 保养","05/01/2022","下午11:28","","-27.44","HKD","",""
"","","现金 HKD","","食品杂货","交易对方 6","餐饮&外出就餐 ▶︎ 食品杂货","05/01/2022","下午11:28","","-0.84","HKD","","business; "
"","","现金 HKD","","抵押/租金","交易对方 8","家庭 ▶︎ 抵押/租金","31/12/2021","下午11:28","","-12.12","HKD","","personal; "
"","","现金 HKD","","抵押/租金","交易对方 8","家庭 ▶︎ 抵押/租金","24/12/2021","下午11:28","","-12.12","HKD","","personal; "
"","","现金 HKD","","交通","交易对方 4","假期 ▶︎ 交通","19/12/2021","下午11:28","","-7.44","HKD","",""
"","","现金 HKD","","抵押/租金","交易对方 8","家庭 ▶︎ 抵押/租金","17/12/2021","下午11:28","","-12.12","HKD","","personal; "
"","","现金 HKD","","娱乐","交易对方 2","个人 ▶︎ 娱乐","17/12/2021","下午11:28","","-17.70","HKD","","personal; "
"","","现金 HKD","","餐厅","交易对方 8","餐饮&外出就餐 ▶︎ 餐厅","14/12/2021","下午11:28","","-38.17","HKD","",""
"","","现金 HKD","","抵押/租金","交易对方 8","家庭 ▶︎ 抵押/租金","10/12/2021","下午11:28","","-12.12","HKD","","personal; "
"","","现金 HKD","","其他","交易对方 5","交通 ▶︎ 其他","06/12/2021","下午11:28","","-0.95","HKD","","business; "
"","","现金 HKD","","学费","交易对方 4","教育 ▶︎ 学费","06/12/2021","下午11:28","","-7.01","HKD","","business; "
"","","现金 HKD","","保养","交易对方 5","家庭 ▶︎ 保养","05/12/2021","下午11:28","","-27.44","HKD","",""
"","","现金 HKD","","食品杂货","交易对方 6","餐饮&外出就餐 ▶︎ 食品杂货","05/12/2021","下午11:28","","-0.84","HKD","","business; "
"","","现金 HKD","","抵押/租金","交易对方 8","家庭 ▶︎ 抵押/租金","03/12/2021","下午11:28","","-12.12","HKD","","personal; "
"","","现金 HKD","","抵押/租金","交易对方 8","家庭 ▶︎ 抵押/租金","26/11/2021","下午11:28","","-12.12","HKD","","personal; "
"","","现金 HKD","","抵押/租金","交易对方 8","家庭 ▶︎ 抵押/租金","19/11/2021","下午11:28","","-12.12","HKD","","personal; "
"","","现金 HKD","","交通","交易对方 4","假期 ▶︎ 交通","19/11/2021","下午11:28","","-7.44","HKD","",""
"","","现金 HKD","","娱乐","交易对方 2","个人 ▶︎ 娱乐","17/11/2021","下午11:28","","-17.70","HKD","","personal; "
"","","现金 HKD","","餐厅","交易对方 8","餐饮&外出就餐 ▶︎ 餐厅","14/11/2021","下午11:28","","-38.17","HKD","",""
"","","现金 HKD","","抵押/租金","交易对方 8","家庭 ▶︎ 抵押/租金","12/11/2021","下午11:28","","-12.12","HKD","","personal; "
"","","现金 HKD","","其他","交易对方 5","交通 ▶︎ 其他","06/11/2021","下午11:28","","-0.95","HKD","","business; "
"","","现金 HKD","","学费","交易对方 4","教育 ▶︎ 学费","06/11/2021","下午11:28","","-7.01","HKD","","business; "
"","","现金 HKD","","抵押/租金","交易对方 8","家庭 ▶︎ 抵押/租金","05/11/2021","下午11:28","","-12.12","HKD","","personal; "
"","","现金 HKD","","保养","交易对方 5","家庭 ▶︎ 保养","05/11/2021","下午11:28","","-27.44","HKD","",""
"","","现金 HKD","","食品杂货","交易对方 6","餐饮&外出就餐 ▶︎ 食品杂货","05/11/2021","下午11:28","","-0.84","HKD","","business; "
"","","现金 HKD","","抵押/租金","交易对方 8","家庭 ▶︎ 抵押/租金","29/10/2021","下午11:28","","-12.12","HKD","","personal; "
"","","现金 HKD","","抵押/租金","交易对方 8","家庭 ▶︎ 抵押/租金","22/10/2021","下午11:28","","-12.12","HKD","","personal; "
"","","现金 HKD","","交通","交易对方 4","假期 ▶︎ 交通","19/10/2021","下午11:28","","-7.44","HKD","",""
"","","现金 HKD","","娱乐","交易对方 2","个人 ▶︎ 娱乐","17/10/2021","下午11:28","","-17.70","HKD","","personal; "
"","","现金 HKD","","抵押/租金","交易对方 8","家庭 ▶︎ 抵押/租金","15/10/2021","下午11:28","","-12.12","HKD","","personal; "
"","","现金 HKD","","餐厅","交易对方 8","餐饮&外出就餐 ▶︎ 餐厅","14/10/2021","下午11:28","","-38.17","HKD","",""
"","","现金 HKD","","抵押/租金","交易对方 8","家庭 ▶︎ 抵押/租金","08/10/2021","下午11:28","","-12.12","HKD","","personal; "
"","","现金 HKD","","其他","交易对方 5","交通 ▶︎ 其他","06/10/2021","下午11:28","","-0.95","HKD","","business; "
"","","现金 HKD","","学费","交易对方 4","教育 ▶︎ 学费","06/10/2021","下午11:28","","-7.01","HKD","","business; "
"","","现金 HKD","","保养","交易对方 5","家庭 ▶︎ 保养","05/10/2021","下午11:28","","-27.44","HKD","",""
"","","现金 HKD","","食品杂货","交易对方 6","餐饮&外出就餐 ▶︎ 食品杂货","05/10/2021","下午11:28","","-0.84","HKD","","business; "
"","","现金 HKD","","抵押/租金","交易对方 8","家庭 ▶︎ 抵押/租金","01/10/2021","下午11:28","","-12.12","HKD","","personal; "
"","","现金 HKD","","抵押/租金","交易对方 8","家庭 ▶︎ 抵押/租金","24/09/2021","下午11:28","","-12.12","HKD","","personal; "
"","","现金 HKD","","交通","交易对方 4","假期 ▶︎ 交通","19/09/2021","下午11:28","","-7.44","HKD","",""
"","","现金 HKD","","抵押/租金","交易对方 8","家庭 ▶︎ 抵押/租金","17/09/2021","下午11:28","","-12.12","HKD","","personal; "
"","","现金 HKD","","娱乐","交易对方 2","个人 ▶︎ 娱乐","17/09/2021","下午11:28","","-17.70","HKD","","personal; "
"","","现金 HKD","","餐厅","交易对方 8","餐饮&外出就餐 ▶︎ 餐厅","14/09/2021","下午11:28","","-38.17","HKD","",""
"","","现金 HKD","","抵押/租金","交易对方 8","家庭 ▶︎ 抵押/租金","10/09/2021","下午11:28","","-12.12","HKD","","personal; "
"","","现金 HKD","","其他","交易对方 5","交通 ▶︎ 其他","06/09/2021","下午11:28","","-0.95","HKD","","business; "
"","","现金 HKD","","学费","交易对方 4","教育 ▶︎ 学费","06/09/2021","下午11:28","","-7.01","HKD","","business; "
"","","现金 HKD","","保养","交易对方 5","家庭 ▶︎ 保养","05/09/2021","下午11:28","","-27.44","HKD","",""
"","","现金 HKD","","食品杂货","交易对方 6","餐饮&外出就餐 ▶︎ 食品杂货","05/09/2021","下午11:28","","-0.84","HKD","","business; "
"","","现金 HKD","","抵押/租金","交易对方 8","家庭 ▶︎ 抵押/租金","03/09/2021","下午11:28","","-12.12","HKD","","personal; "
"","","现金 HKD","","抵押/租金","交易对方 8","家庭 ▶︎ 抵押/租金","27/08/2021","下午11:28","","-12.12","HKD","","personal; "
"","","现金 HKD","","抵押/租金","交易对方 8","家庭 ▶︎ 抵押/租金","20/08/2021","下午11:28","","-12.12","HKD","","personal; "
"","","现金 HKD","","交通","交易对方 4","假期 ▶︎ 交通","19/08/2021","下午11:28","","-7.44","HKD","",""
"","","现金 HKD","","娱乐","交易对方 2","个人 ▶︎ 娱乐","17/08/2021","下午11:28","","-17.70","HKD","","personal; "
"","","现金 HKD","","餐厅","交易对方 8","餐饮&外出就餐 ▶︎ 餐厅","14/08/2021","下午11:28","","-38.17","HKD","",""
"","","现金 HKD","","抵押/租金","交易对方 8","家庭 ▶︎ 抵押/租金","13/08/2021","下午11:28","","-12.12","HKD","","personal; "
"","","现金 HKD","","其他","交易对方 5","交通 ▶︎ 其他","06/08/2021","下午11:28","","-0.95","HKD","","business; "
"","","现金 HKD","","学费","交易对方 4","教育 ▶︎ 学费","06/08/2021","下午11:28","","-7.01","HKD","","business; "
"","","现金 HKD","","保养","交易对方 5","家庭 ▶︎ 保养","05/08/2021","下午11:28","","-27.44","HKD","",""
"","","现金 HKD","","食品杂货","交易对方 6","餐饮&外出就餐 ▶︎ 食品杂货","05/08/2021","下午11:28","","-0.84","HKD","","business; "
"","","现金 HKD","","交通","交易对方 4","假期 ▶︎ 交通","19/07/2021","下午11:28","","-7.44","HKD","",""
"","","现金 HKD","","娱乐","交易对方 2","个人 ▶︎ 娱乐","17/07/2021","下午11:28","","-17.70","HKD","","personal; "
"","","现金 HKD","","餐厅","交易对方 8","餐饮&外出就餐 ▶︎ 餐厅","14/07/2021","下午11:28","","-38.17","HKD","",""
"","","现金 HKD","","其他","交易对方 5","交通 ▶︎ 其他","06/07/2021","下午11:28","","-0.95","HKD","","business; "
"","","现金 HKD","","学费","交易对方 4","教育 ▶︎ 学费","06/07/2021","下午11:28","","-7.01","HKD","","business; "
"","","现金 HKD","","保养","交易对方 5","家庭 ▶︎ 保养","05/07/2021","下午11:28","","-27.44","HKD","",""
"","","现金 HKD","","食品杂货","交易对方 6","餐饮&外出就餐 ▶︎ 食品杂货","05/07/2021","下午11:28","","-0.84","HKD","","business; "
"","","现金 HKD","","交通","交易对方 4","假期 ▶︎ 交通","19/06/2021","下午11:28","","-7.44","HKD","",""
"","","现金 HKD","","娱乐","交易对方 2","个人 ▶︎ 娱乐","17/06/2021","下午11:28","","-17.70","HKD","","personal; "
"","","现金 HKD","","餐厅","交易对方 8","餐饮&外出就餐 ▶︎ 餐厅","14/06/2021","下午11:28","","-38.17","HKD","",""
"","","现金 HKD","","其他","交易对方 5","交通 ▶︎ 其他","06/06/2021","下午11:28","","-0.95","HKD","","business; "
"","","现金 HKD","","学费","交易对方 4","教育 ▶︎ 学费","06/06/2021","下午11:28","","-7.01","HKD","","business; "
"","","现金 HKD","","保养","交易对方 5","家庭 ▶︎ 保养","05/06/2021","下午11:28","","-27.44","HKD","",""
"","","现金 HKD","","食品杂货","交易对方 6","餐饮&外出就餐 ▶︎ 食品杂货","05/06/2021","下午11:28","","-0.84","HKD","","business; "
"","","现金 HKD","","交通","交易对方 4","假期 ▶︎ 交通","19/05/2021","下午11:28","","-7.44","HKD","",""
"","","现金 HKD","","娱乐","交易对方 2","个人 ▶︎ 娱乐","17/05/2021","下午11:28","","-17.70","HKD","","personal; "
"","","现金 HKD","","餐厅","交易对方 8","餐饮&外出就餐 ▶︎ 餐厅","14/05/2021","下午11:28","","-38.17","HKD","",""
"","","现金 HKD","","其他","交易对方 5","交通 ▶︎ 其他","06/05/2021","下午11:28","","-0.95","HKD","","business; "
"","","现金 HKD","","学费","交易对方 4","教育 ▶︎ 学费","06/05/2021","下午11:28","","-7.01","HKD","","business; "
"","","现金 HKD","","保养","交易对方 5","家庭 ▶︎ 保养","05/05/2021","下午11:28","","-27.44","HKD","",""
"","","现金 HKD","","食品杂货","交易对方 6","餐饮&外出就餐 ▶︎ 食品杂货","05/05/2021","下午11:28","","-0.84","HKD","","business; "
"","","现金 HKD","","交通","交易对方 4","假期 ▶︎ 交通","19/04/2021","下午11:28","","-7.44","HKD","",""
"","","现金 HKD","","娱乐","交易对方 2","个人 ▶︎ 娱乐","17/04/2021","下午11:28","","-17.70","HKD","","personal; "
"","","现金 HKD","","餐厅","交易对方 8","餐饮&外出就餐 ▶︎ 餐厅","14/04/2021","下午11:28","","-38.17","HKD","",""
"","","现金 HKD","","其他","交易对方 5","交通 ▶︎ 其他","06/04/2021","下午11:28","","-0.95","HKD","","business; "
"","","现金 HKD","","学费","交易对方 4","教育 ▶︎ 学费","06/04/2021","下午11:28","","-7.01","HKD","","business; "
"","","现金 HKD","","保养","交易对方 5","家庭 ▶︎ 保养","05/04/2021","下午11:28","","-27.44","HKD","",""
"","","现金 HKD","","食品杂货","交易对方 6","餐饮&外出就餐 ▶︎ 食品杂货","05/04/2021","下午11:28","","-0.84","HKD","","business; "
"","","现金 HKD","","交通","交易对方 4","假期 ▶︎ 交通","19/03/2021","下午11:28","","-7.44","HKD","",""
"","","现金 HKD","","娱乐","交易对方 2","个人 ▶︎ 娱乐","17/03/2021","下午11:28","","-17.70","HKD","","personal; "
"","","现金 HKD","","餐厅","交易对方 8","餐饮&外出就餐 ▶︎ 餐厅","14/03/2021","下午11:28","","-38.17","HKD","",""
"","","现金 HKD","","其他","交易对方 5","交通 ▶︎ 其他","06/03/2021","下午11:28","","-0.95","HKD","","business; "
"","","现金 HKD","","学费","交易对方 4","教育 ▶︎ 学费","06/03/2021","下午11:28","","-7.01","HKD","","business; "
"","","现金 HKD","","保养","交易对方 5","家庭 ▶︎ 保养","05/03/2021","下午11:28","","-27.44","HKD","",""
"","","现金 HKD","","食品杂货","交易对方 6","餐饮&外出就餐 ▶︎ 食品杂货","05/03/2021","下午11:28","","-0.84","HKD","","business; "
"","","现金 HKD","","交通","交易对方 4","假期 ▶︎ 交通","19/02/2021","下午11:28","","-7.44","HKD","",""
"","","现金 HKD","","娱乐","交易对方 2","个人 ▶︎ 娱乐","17/02/2021","下午11:28","","-17.70","HKD","","personal; "
"","","现金 HKD","","餐厅","交易对方 8","餐饮&外出就餐 ▶︎ 餐厅","14/02/2021","下午11:28","","-38.17","HKD","",""
"","","现金 HKD","","其他","交易对方 5","交通 ▶︎ 其他","06/02/2021","下午11:28","","-0.95","HKD","","business; "
"","","现金 HKD","","学费","交易对方 4","教育 ▶︎ 学费","06/02/2021","下午11:28","","-7.01","HKD","","business; "
"","","现金 HKD","","食品杂货","交易对方 6","餐饮&外出就餐 ▶︎ 食品杂货","05/02/2021","下午11:28","","-0.84","HKD","","business; "
"","","现金 HKD","","保养","交易对方 5","家庭 ▶︎ 保养","05/02/2021","下午11:28","","-27.44","HKD","",""
"现金 USD","2,689.82","USD","","","","","","","","","","",""
